Estudiante;Carrera;Profesores;Carrera2
Cesar Vigil;Ing.Electrica y Electronica;Gisela Rodriguez;Marketing
Sabrina De Gracia ;Ing.Industrial;Mitzi Rodriguez;It/Sistemas
Kiraimy Luna;Lic.Maritima Portuaria;Siria de Harrys;Finanzas
Junier Yau;Lic.Desarrollo de Software;Dora Vasquez;Psicologia
Jessibeth Villalobos;Ing.Logistica;Alejandro Hernandez;Project Manager
Valerie Bermudez;Ing.Electrica y Electronica;Israel Ruiz;Economia
Alexandra Martinez;Ing.Aeronautica;Edilberto Hall;Electrica
Manuel ;Ing.Aeronautica;Jose Falconett;Quimica
Mariam Solis;Ingenieria Electrica;Abel bermudez;Fisico

